feature,importance
career_total_score,984.2
project_quality_score,834.2
project_experience_score,777.8
technical_interview_score,719.0
interview_gap,686.5
communication_score,638.5
target_role_code,562.2
balanced_profile_score,560.0
role_match_score,526.9
cgpa,507.2
svd_char_2,491.2
application_year,475.0
github_avg_stars,473.1
svd_word_3,467.4
github_power,466.6
portfolio_project_interaction,453.2
graduation_year,408.1
career_readiness_mean,400.7
attendance_failed_interaction,398.2
problem_solving_score,385.7
project_to_academic_ratio,383.1
portfolio_score,376.5
english_exam_score,366.4
svd_char_3,349.5
cv_quality_score,346.2
linkedin_profile_score,345.4
svd_word_2,333.1
hr_interview_score,325.0
internship_intensity,320.7
interview_mean,303.3
applications_sent,288.2
real_client_project_count,283.2
svd_word_7,276.4
internship_duration_months,274.7
svd_word_1,269.5
svd_char_14,269.3
svd_char_4,269.3
experience_count_sum,261.3
university_tier_code,258.4
leadership_score,243.3
svd_word_27,242.0
svd_word_12,233.2
academic_mean,232.9
cloud_score,231.9
svd_char_15,231.1
svd_char_10,230.0
svd_char_5,225.8
svd_char_29,224.2
svd_char_52,221.8
hobby_code,220.3
svd_char_26,219.1
svd_char_7,217.9
svd_word_28,217.6
svd_char_21,215.6
svd_word_22,215.5
svd_word_20,215.4
svd_word_16,215.0
svd_char_33,214.1
svd_word_49,213.0
svd_word_25,212.7
svd_char_54,212.5
svd_word_51,212.5
svd_char_51,212.2
svd_word_19,211.9
svd_word_24,211.3
svd_char_69,211.2
svd_char_13,209.6
svd_char_53,209.5
svd_word_82,209.2
soft_skill_mean,207.3
svd_word_34,206.7
svd_char_18,206.6
svd_word_37,206.6
svd_char_28,206.5
svd_char_70,206.0
svd_word_48,205.5
svd_word_41,205.4
svd_word_42,205.1
svd_word_57,204.7
svd_word_8,203.3
svd_char_56,202.5
teamwork_score,202.4
svd_char_57,201.8
svd_word_114,201.4
svd_word_9,201.2
coding_score,201.1
svd_char_50,201.0
svd_word_63,201.0
svd_char_62,200.7
svd_word_10,200.5
svd_char_24,199.9
svd_char_76,199.8
svd_word_77,199.8
svd_word_110,199.7
svd_word_73,199.6
svd_word_102,199.4
svd_char_6,199.4
svd_word_55,198.2
svd_char_30,198.1
svd_word_86,198.0
svd_char_47,197.7
svd_word_106,197.6
svd_word_65,197.4
svd_word_66,197.1
svd_char_32,197.0
svd_char_48,196.9
svd_word_29,196.8
svd_word_91,196.5
svd_word_98,196.4
soft_skill_min,196.1
technical_max,196.1
svd_char_49,195.9
attendance_rate,195.8
svd_word_40,195.7
svd_char_35,195.4
svd_word_14,195.1
svd_word_112,195.1
svd_word_67,194.4
svd_word_78,194.3
svd_char_25,194.1
svd_word_56,194.1
svd_char_67,194.0
svd_char_34,194.0
svd_char_63,193.5
svd_word_71,193.5
svd_word_26,193.3
svd_word_30,192.8
svd_word_104,192.5
svd_char_43,192.4
svd_word_50,192.3
svd_char_44,192.2
svd_char_20,191.9
svd_word_74,191.8
svd_word_105,191.6
svd_char_61,191.5
svd_char_22,191.4
svd_word_38,191.1
svd_char_59,191.1
svd_word_60,191.0
svd_char_68,191.0
svd_word_117,190.9
svd_char_77,190.9
svd_word_62,190.6
svd_char_41,190.5
svd_word_54,190.4
svd_word_64,190.3
svd_char_16,190.2
svd_word_84,189.5
svd_char_60,189.3
svd_char_55,189.3
svd_word_45,188.9
svd_word_113,188.8
svd_word_96,188.5
svd_word_103,188.5
svd_word_18,188.1
svd_word_53,188.0
svd_word_99,187.9
svd_word_100,187.8
svd_word_115,187.7
svd_word_95,187.6
svd_word_61,187.2
svd_char_46,187.1
svd_word_35,187.0
svd_word_108,186.9
svd_char_78,186.8
svd_word_33,186.8
svd_char_17,186.7
svd_char_19,186.7
svd_word_87,186.6
svd_char_65,186.6
svd_word_88,186.4
svd_char_64,186.3
svd_word_31,186.1
svd_word_109,185.8
svd_word_116,185.7
svd_word_23,185.3
svd_char_66,185.1
technical_mean,185.0
svd_word_4,184.9
svd_word_68,184.9
svd_char_8,184.8
svd_char_74,184.7
svd_word_70,184.7
svd_char_36,184.1
svd_word_72,183.9
svd_word_118,183.9
svd_word_17,183.8
svd_word_47,183.8
svd_word_81,183.8
svd_char_72,183.7
svd_word_93,183.6
svd_word_94,183.6
svd_char_0,183.4
svd_word_119,183.4
svd_word_43,182.8
svd_char_75,182.8
svd_char_11,182.7
svd_char_37,182.7
svd_word_89,182.7
svd_word_5,182.5
svd_char_73,182.3
svd_word_92,181.7
svd_word_36,181.6
svd_char_79,181.5
svd_char_27,181.5
svd_word_52,181.2
soft_skill_std,181.1
svd_word_39,180.7
svd_char_38,180.6
frontend_score,180.1
svd_word_83,180.1
svd_word_69,179.8
svd_char_58,179.7
svd_word_21,179.6
svd_char_9,179.4
svd_word_97,179.1
svd_char_42,178.5
soft_skill_max,178.2
svd_word_0,178.1
svd_word_46,177.7
svd_char_40,177.7
svd_word_107,177.5
svd_word_76,177.4
svd_word_101,177.4
svd_word_11,177.4
svd_word_59,176.9
svd_word_111,176.9
svd_char_71,176.7
svd_word_80,176.5
devops_score,176.3
svd_word_15,175.0
applications_per_interview,174.8
svd_word_32,174.3
svd_char_45,173.8
svd_word_13,173.7
svd_word_75,173.6
svd_word_79,173.3
svd_char_23,173.2
svd_word_44,172.9
machine_learning_score,172.3
presentation_score,172.3
backend_score,171.5
svd_word_90,171.2
svd_word_85,171.1
technical_std,170.2
svd_char_31,169.8
data_structures_score,165.7
svd_word_58,162.6
interview_rate,162.1
svd_word_6,162.0
svd_char_39,161.7
technical_range,160.3
sql_score,159.0
svd_char_1,158.8
svd_char_12,157.6
technical_soft_ratio,141.0
open_source_contribution_count,127.5
technical_min,125.1
github_repo_count,117.1
interviews_attended,116.9
department_code,107.0
bootcamp_count,101.3
certification_count,100.8
soft_skill_sum,93.9
preferred_social_media_platform_code,81.0
technical_sum,67.9
freelance_project_count,49.9
failed_courses_count,46.5
hackathon_success_rate,46.0
opensource_power,41.8
age_at_graduation,36.3
age,36.0
hackathon_count,33.1
internship_count,21.7
academic_risk,17.3
hackathon_awards,16.0
years_to_graduation,3.8
internship_duration_months_was_missing,0.5
english_exam_score_was_missing,0.3
hr_interview_score_was_missing,0.1
github_avg_stars_was_missing,0.1
portfolio_score_was_missing,0.0
linkedin_profile_score_was_missing,0.0
open_source_contribution_count_was_missing,0.0
